{
    "$schema": "http://json-schema.org/draft-07/schema",
    "$id": "http://dsp.polito.it/biblioschema.json",

    "definitions": {
      "item": {
        "$id": "#definitions/item",
        "type": "object",
        "properties": {
          "id": {"type":"string"},
          "title": { "type": "string" },
          "subtitle": { "type": "string" },
          "authors": { 
              "type": "array",
              "items": {"type":"string"},
              "minItems": 1          
            },
            "citing":{ "type":"string", "format": "uri" },
            "cited":{ "type":"string", "format": "uri" },
            "self":{ "type":"string", "format": "uri" },
            "extension": {
              "type":"object",
              "properties":{
                "article": {
                  "type": "object",
                  "properties": {
                    "publishedIn":{ "type":"string", "format": "uri" }
                  },
                  "required": ["publishedIn"]
                },
                "book": {
                  "type": "object",
                  "properties": {
                    "isbn":{"$ref": "#definitions/isbn"},
                    "year": {"type":"integer"},
                    "publisher":{"type": "string"}
                  },
                  "required": ["isbn","year"]
                }
              },
              "maxProperties": 1,
              "minProperties": 1,
              "additionalItems": false
            }
        },
        "required": ["title","authors","extension"]
      },
      "items": {
        "$id": "#definitions/items",
        "type":"object",
        "properties": {
          "totalPages":{"type":"integer"},
          "pageNumber":{"type":"integer"},
          "pageItems":{
            "type":"array",
            "items": {"$ref": "#definitions/item"}
          },
          "next":{ "type":"string", "format": "uri" },
          "self":{ "type":"string", "format": "uri" }
        }
      },
      "issn": {
        "$id": "#definitions/issn",
        "type":"string", "pattern": "[0-9]{4}-[0-9]{3}[0-9xX]"
      },
      "isbn": {
        "$id": "#definitions/isbn",
        "type":"string", "pattern": "([0-9]{13})|([0-9]{9}([0-9]|X))"
      },
      "journal": {
        "$id": "#definitions/journal",
        "type":"object",
        "properties": {
          "title": {"type":"string"},
          "publisher": {"type":"string"},
          "issn": { "$ref": "#definitions/issn"},
          "issues": { "type":"string", "format": "uri" },
          "self":{ "type": "string", "format": "uri" }
        },
        "required": ["title","issn"]
      },
      "journals": {
        "$id": "#definitions/journals",
        "type":"array",
        "items": {"$ref": "#definitions/journal"}
      },
      "issue": {
        "$id": "#definitions/issue",
        "type":"object",
        "properties": {
          "journal": { "type":"string", "format": "uri" },
          "year": {"type":"integer"},
          "number": {"type":"integer", "minimum": 0},
          "self":{ "type": "string", "format": "uri" }
        },
        "required": ["year","number","journal"]
      },
      "issues": {
        "$id": "#definitions/issues",
        "type":"array",
        "items": {"$ref": "#definitions/issue"}
      },

      "biblio":{
        "$id": "#definitions/biblio",
        "type":"object",
        "properties": {
          "items":{ "type":"string", "format": "uri" },
          "journals":{ "type":"string", "format": "uri" },
          "self":{ "type": "string", "format": "uri" }
        },
        "required": ["items", "journals"]
      }
    }
  }